skills,qualifications
React Node.js JavaScript Git SQL HTML CSS Software Engineering,Bsc.CSIT Bachelor in CSIT Bachelors in Computer Science
Python Machine Learning Data Science SQL Statistics NumPy Pandas,Msc PhD Bachelors in Computer Science Statistics Mathematics
React TypeScript JavaScript HTML CSS Design Tailwind CSS UI Design,Bachelors in Computer Science Bsc.IT BIM BCA
Project Management Leadership Management Communication Analysis agile,MBA BBA BBS Bachelor of Business Administration
Writing Editing Content Strategy SEO Research Communication Creative Writing,BA Master of Arts Bachelor of Arts Journalism
Docker AWS DevOps CI/CD Linux Git bash scripting Kubernetes,BTech Bachelors in Computer Engineering BCE Bachelors in Information Technology
Design UI/UX Figma Illustrator Photoshop wireframes Research,BFA Bachelor of Fine Arts Bachelor of Science Graphic Design
Marketing Sales Digital Marketing SEO Social Media Analytics Communication,BBA BBS MBA Master of Business Administration
Sales communication Negotiating Leadership Relationship Management Marketing,BBA BBS Bachelor of Commerce BCom
Python Django Flask SQL REST APIs Git Docker AWS Linux API development,Bsc.CSIT Bachelors in Computer Science Btech Master
SQL PostgreSQL MySQL Database Administration security tuning scripting Backup,Bsc.CSIT Bachelors in Information Technology Bachelors in Computer Science
Cybersecurity Linux Network security cryptography vulnerability assessment pentesting,Bachelors in Computer Engineering BIT Bachelor of Science in Information Technology
Node.js React JavaScript SQL REST APIs HTML CSS Git Software Engineering,Bsc.CSIT Bachelors in Computer Science Bsc.IT
Python Machine Learning Deep Learning TensorFlow PyTorch Data Science NLP,Msc PhD Master of Science in Computer Science data science
Leadership Management HR recruiting onboarding Communication problem solving,MBA BBA BBS Master in Business Management
React Node.js JavaScript Git SQL HTML CSS Software Engineering,Bsc.CSIT Bachelor in CSIT Bachelors in Computer Science
Python Machine Learning Data Science SQL Statistics NumPy Pandas,Msc PhD Bachelors in Computer Science Statistics Mathematics
React TypeScript JavaScript HTML CSS Design Tailwind CSS UI Design,Bachelors in Computer Science Bsc.IT BIM BCA
Project Management Leadership Management Communication Analysis agile,MBA BBA BBS Bachelor of Business Administration
Writing Editing Content Strategy SEO Research Communication Creative Writing,BA Master of Arts Bachelor of Arts Journalism
Docker AWS DevOps CI/CD Linux Git bash scripting Kubernetes,BTech Bachelors in Computer Engineering BCE Bachelors in Information Technology
Design UI/UX Figma Illustrator Photoshop wireframes Research,BFA Bachelor of Fine Arts Bachelor of Science Graphic Design
Marketing Sales Digital Marketing SEO Social Media Analytics Communication,BBA BBS MBA Master of Business Administration
Sales communication Negotiating Leadership Relationship Management Marketing,BBA BBS Bachelor of Commerce BCom
Python Django Flask SQL REST APIs Git Docker AWS Linux API development,Bsc.CSIT Bachelors in Computer Science Btech Master
SQL PostgreSQL MySQL Database Administration security tuning scripting Backup,Bsc.CSIT Bachelors in Information Technology Bachelors in Computer Science
Cybersecurity Linux Network security cryptography vulnerability assessment pentesting,Bachelors in Computer Engineering BIT Bachelor of Science in Information Technology
Node.js React JavaScript SQL REST APIs HTML CSS Git Software Engineering,Bsc.CSIT Bachelors in Computer Science Bsc.IT
Python Machine Learning Deep Learning TensorFlow PyTorch Data Science NLP,Msc PhD Master of Science in Computer Science data science
Leadership Management HR recruiting onboarding Communication problem solving,MBA BBA BBS Master in Business Management
React Node.js JavaScript Git SQL HTML CSS Software Engineering,Bsc.CSIT Bachelor in CSIT Bachelors in Computer Science
Python Machine Learning Data Science SQL Statistics NumPy Pandas,Msc PhD Bachelors in Computer Science Statistics Mathematics
React TypeScript JavaScript HTML CSS Design Tailwind CSS UI Design,Bachelors in Computer Science Bsc.IT BIM BCA
Project Management Leadership Management Communication Analysis agile,MBA BBA BBS Bachelor of Business Administration
Writing Editing Content Strategy SEO Research Communication Creative Writing,BA Master of Arts Bachelor of Arts Journalism
Docker AWS DevOps CI/CD Linux Git bash scripting Kubernetes,BTech Bachelors in Computer Engineering BCE Bachelors in Information Technology
Design UI/UX Figma Illustrator Photoshop wireframes Research,BFA Bachelor of Fine Arts Bachelor of Science Graphic Design
Marketing Sales Digital Marketing SEO Social Media Analytics Communication,BBA BBS MBA Master of Business Administration
Sales communication Negotiating Leadership Relationship Management Marketing,BBA BBS Bachelor of Commerce BCom
Python Django Flask SQL REST APIs Git Docker AWS Linux API development,Bsc.CSIT Bachelors in Computer Science Btech Master
SQL PostgreSQL MySQL Database Administration security tuning scripting Backup,Bsc.CSIT Bachelors in Information Technology Bachelors in Computer Science
Cybersecurity Linux Network security cryptography vulnerability assessment pentesting,Bachelors in Computer Engineering BIT Bachelor of Science in Information Technology
Node.js React JavaScript SQL REST APIs HTML CSS Git Software Engineering,Bsc.CSIT Bachelors in Computer Science Bsc.IT
Python Machine Learning Deep Learning TensorFlow PyTorch Data Science NLP,Msc PhD Master of Science in Computer Science data science
Leadership Management HR recruiting onboarding Communication problem solving,MBA BBA BBS Master in Business Management
React Node.js JavaScript Git SQL HTML CSS Software Engineering,Bsc.CSIT Bachelor in CSIT Bachelors in Computer Science
Python Machine Learning Data Science SQL Statistics NumPy Pandas,Msc PhD Bachelors in Computer Science Statistics Mathematics
React TypeScript JavaScript HTML CSS Design Tailwind CSS UI Design,Bachelors in Computer Science Bsc.IT BIM BCA
Project Management Leadership Management Communication Analysis agile,MBA BBA BBS Bachelor of Business Administration
Writing Editing Content Strategy SEO Research Communication Creative Writing,BA Master of Arts Bachelor of Arts Journalism
